Theme: Trade & Investment,,,,,,,,,,,,,,,,,,,,,,,,,,,,,,,,,,,,,,,,,,,,,,,,,,,,,,,,,,,,,,,,,,,,,,,,,,,,,,,,,,,,,,,,,,,,,,,,,,,,,,,,,,,,,,,,,,,,,,,,,,,,,,,,,,,,,,,,,,,,,,,,,,,,,,,,,,,,,,,,,,,,,,,,,,,,,,,,,,,,,,,,,,,,,,,,,,,,,,,,,,,,,,,,,,,,,,,,,,,,,,,,,,,,,,,,,,,,,,,,,,,,,,,,,,,,,,,,,,,,,,,,,,,,,,,,,,,,,,,,,,,,,,,,,,,,,,,,,,,,,,,,,,,,,,,,,,,,,,,,,,,,,,,,,,,,,,,,,
Subject: Merchandise Trade,,,,,,,,,,,,,,,,,,,,,,,,,,,,,,,,,,,,,,,,,,,,,,,,,,,,,,,,,,,,,,,,,,,,,,,,,,,,,,,,,,,,,,,,,,,,,,,,,,,,,,,,,,,,,,,,,,,,,,,,,,,,,,,,,,,,,,,,,,,,,,,,,,,,,,,,,,,,,,,,,,,,,,,,,,,,,,,,,,,,,,,,,,,,,,,,,,,,,,,,,,,,,,,,,,,,,,,,,,,,,,,,,,,,,,,,,,,,,,,,,,,,,,,,,,,,,,,,,,,,,,,,,,,,,,,,,,,,,,,,,,,,,,,,,,,,,,,,,,,,,,,,,,,,,,,,,,,,,,,,,,,,,,,,,,,,,,,,,
Topic: Exports by Commodity Section/ Division,,,,,,,,,,,,,,,,,,,,,,,,,,,,,,,,,,,,,,,,,,,,,,,,,,,,,,,,,,,,,,,,,,,,,,,,,,,,,,,,,,,,,,,,,,,,,,,,,,,,,,,,,,,,,,,,,,,,,,,,,,,,,,,,,,,,,,,,,,,,,,,,,,,,,,,,,,,,,,,,,,,,,,,,,,,,,,,,,,,,,,,,,,,,,,,,,,,,,,,,,,,,,,,,,,,,,,,,,,,,,,,,,,,,,,,,,,,,,,,,,,,,,,,,,,,,,,,,,,,,,,,,,,,,,,,,,,,,,,,,,,,,,,,,,,,,,,,,,,,,,,,,,,,,,,,,,,,,,,,,,,,,,,,,,,,,,,,,,
"Table Title: Domestic Exports Of Major Non-Oil Products, Monthly",,,,,,,,,,,,,,,,,,,,,,,,,,,,,,,,,,,,,,,,,,,,,,,,,,,,,,,,,,,,,,,,,,,,,,,,,,,,,,,,,,,,,,,,,,,,,,,,,,,,,,,,,,,,,,,,,,,,,,,,,,,,,,,,,,,,,,,,,,,,,,,,,,,,,,,,,,,,,,,,,,,,,,,,,,,,,,,,,,,,,,,,,,,,,,,,,,,,,,,,,,,,,,,,,,,,,,,,,,,,,,,,,,,,,,,,,,,,,,,,,,,,,,,,,,,,,,,,,,,,,,,,,,,,,,,,,,,,,,,,,,,,,,,,,,,,,,,,,,,,,,,,,,,,,,,,,,,,,,,,,,,,,,,,,,,,,,,,,
,,,,,,,,,,,,,,,,,,,,,,,,,,,,,,,,,,,,,,,,,,,,,,,,,,,,,,,,,,,,,,,,,,,,,,,,,,,,,,,,,,,,,,,,,,,,,,,,,,,,,,,,,,,,,,,,,,,,,,,,,,,,,,,,,,,,,,,,,,,,,,,,,,,,,,,,,,,,,,,,,,,,,,,,,,,,,,,,,,,,,,,,,,,,,,,,,,,,,,,,,,,,,,,,,,,,,,,,,,,,,,,,,,,,,,,,,,,,,,,,,,,,,,,,,,,,,,,,,,,,,,,,,,,,,,,,,,,,,,,,,,,,,,,,,,,,,,,,,,,,,,,,,,,,,,,,,,,,,,,,,,,,,,,,,,,,,,,,,
Data last updated: 17/02/2025,,,,,,,,,,,,,,,,,,,,,,,,,,,,,,,,,,,,,,,,,,,,,,,,,,,,,,,,,,,,,,,,,,,,,,,,,,,,,,,,,,,,,,,,,,,,,,,,,,,,,,,,,,,,,,,,,,,,,,,,,,,,,,,,,,,,,,,,,,,,,,,,,,,,,,,,,,,,,,,,,,,,,,,,,,,,,,,,,,,,,,,,,,,,,,,,,,,,,,,,,,,,,,,,,,,,,,,,,,,,,,,,,,,,,,,,,,,,,,,,,,,,,,,,,,,,,,,,,,,,,,,,,,,,,,,,,,,,,,,,,,,,,,,,,,,,,,,,,,,,,,,,,,,,,,,,,,,,,,,,,,,,,,,,,,,,,,,,,
Source: ENTERPRISE SINGAPORE,,,,,,,,,,,,,,,,,,,,,,,,,,,,,,,,,,,,,,,,,,,,,,,,,,,,,,,,,,,,,,,,,,,,,,,,,,,,,,,,,,,,,,,,,,,,,,,,,,,,,,,,,,,,,,,,,,,,,,,,,,,,,,,,,,,,,,,,,,,,,,,,,,,,,,,,,,,,,,,,,,,,,,,,,,,,,,,,,,,,,,,,,,,,,,,,,,,,,,,,,,,,,,,,,,,,,,,,,,,,,,,,,,,,,,,,,,,,,,,,,,,,,,,,,,,,,,,,,,,,,,,,,,,,,,,,,,,,,,,,,,,,,,,,,,,,,,,,,,,,,,,,,,,,,,,,,,,,,,,,,,,,,,,,,,,,,,,,,
,,,,,,,,,,,,,,,,,,,,,,,,,,,,,,,,,,,,,,,,,,,,,,,,,,,,,,,,,,,,,,,,,,,,,,,,,,,,,,,,,,,,,,,,,,,,,,,,,,,,,,,,,,,,,,,,,,,,,,,,,,,,,,,,,,,,,,,,,,,,,,,,,,,,,,,,,,,,,,,,,,,,,,,,,,,,,,,,,,,,,,,,,,,,,,,,,,,,,,,,,,,,,,,,,,,,,,,,,,,,,,,,,,,,,,,,,,,,,,,,,,,,,,,,,,,,,,,,,,,,,,,,,,,,,,,,,,,,,,,,,,,,,,,,,,,,,,,,,,,,,,,,,,,,,,,,,,,,,,,,,,,,,,,,,,,,,,,,,
,,,,,,,,,,,,,,,,,,,,,,,,,,,,,,,,,,,,,,,,,,,,,,,,,,,,,,,,,,,,,,,,,,,,,,,,,,,,,,,,,,,,,,,,,,,,,,,,,,,,,,,,,,,,,,,,,,,,,,,,,,,,,,,,,,,,,,,,,,,,,,,,,,,,,,,,,,,,,,,,,,,,,,,,,,,,,,,,,,,,,,,,,,,,,,,,,,,,,,,,,,,,,,,,,,,,,,,,,,,,,,,,,,,,,,,,,,,,,,,,,,,,,,,,,,,,,,,,,,,,,,,,,,,,,,,,,,,,,,,,,,,,,,,,,,,,,,,,,,,,,,,,,,,,,,,,,,,,,,,,,,,,,,,,,,,,,,,,,Thousand Dollars
Data Series,2025 Jan ,2024 Dec ,2024 Nov ,2024 Oct ,2024 Sep ,2024 Aug ,2024 Jul ,2024 Jun ,2024 May ,2024 Apr ,2024 Mar ,2024 Feb ,2024 Jan ,2023 Dec ,2023 Nov ,2023 Oct ,2023 Sep ,2023 Aug ,2023 Jul ,2023 Jun ,2023 May ,2023 Apr ,2023 Mar ,2023 Feb ,2023 Jan ,2022 Dec ,2022 Nov ,2022 Oct ,2022 Sep ,2022 Aug ,2022 Jul ,2022 Jun ,2022 May ,2022 Apr ,2022 Mar ,2022 Feb ,2022 Jan ,2021 Dec ,2021 Nov ,2021 Oct ,2021 Sep ,2021 Aug ,2021 Jul ,2021 Jun ,2021 May ,2021 Apr ,2021 Mar ,2021 Feb ,2021 Jan ,2020 Dec ,2020 Nov ,2020 Oct ,2020 Sep ,2020 Aug ,2020 Jul ,2020 Jun ,2020 May ,2020 Apr ,2020 Mar ,2020 Feb ,2020 Jan ,2019 Dec ,2019 Nov ,2019 Oct ,2019 Sep ,2019 Aug ,2019 Jul ,2019 Jun ,2019 May ,2019 Apr ,2019 Mar ,2019 Feb ,2019 Jan ,2018 Dec ,2018 Nov ,2018 Oct ,2018 Sep ,2018 Aug ,2018 Jul ,2018 Jun ,2018 May ,2018 Apr ,2018 Mar ,2018 Feb ,2018 Jan ,2017 Dec ,2017 Nov ,2017 Oct ,2017 Sep ,2017 Aug ,2017 Jul ,2017 Jun ,2017 May ,2017 Apr ,2017 Mar ,2017 Feb ,2017 Jan ,2016 Dec ,2016 Nov ,2016 Oct ,2016 Sep ,2016 Aug ,2016 Jul ,2016 Jun ,2016 May ,2016 Apr ,2016 Mar ,2016 Feb ,2016 Jan ,2015 Dec ,2015 Nov ,2015 Oct ,2015 Sep ,2015 Aug ,2015 Jul ,2015 Jun ,2015 May ,2015 Apr ,2015 Mar ,2015 Feb ,2015 Jan ,2014 Dec ,2014 Nov ,2014 Oct ,2014 Sep ,2014 Aug ,2014 Jul ,2014 Jun ,2014 May ,2014 Apr ,2014 Mar ,2014 Feb ,2014 Jan ,2013 Dec ,2013 Nov ,2013 Oct ,2013 Sep ,2013 Aug ,2013 Jul ,2013 Jun ,2013 May ,2013 Apr ,2013 Mar ,2013 Feb ,2013 Jan ,2012 Dec ,2012 Nov ,2012 Oct ,2012 Sep ,2012 Aug ,2012 Jul ,2012 Jun ,2012 May ,2012 Apr ,2012 Mar ,2012 Feb ,2012 Jan ,2011 Dec ,2011 Nov ,2011 Oct ,2011 Sep ,2011 Aug ,2011 Jul ,2011 Jun ,2011 May ,2011 Apr ,2011 Mar ,2011 Feb ,2011 Jan ,2010 Dec ,2010 Nov ,2010 Oct ,2010 Sep ,2010 Aug ,2010 Jul ,2010 Jun ,2010 May ,2010 Apr ,2010 Mar ,2010 Feb ,2010 Jan ,2009 Dec ,2009 Nov ,2009 Oct ,2009 Sep ,2009 Aug ,2009 Jul ,2009 Jun ,2009 May ,2009 Apr ,2009 Mar ,2009 Feb ,2009 Jan ,2008 Dec ,2008 Nov ,2008 Oct ,2008 Sep ,2008 Aug ,2008 Jul ,2008 Jun ,2008 May ,2008 Apr ,2008 Mar ,2008 Feb ,2008 Jan ,2007 Dec ,2007 Nov ,2007 Oct ,2007 Sep ,2007 Aug ,2007 Jul ,2007 Jun ,2007 May ,2007 Apr ,2007 Mar ,2007 Feb ,2007 Jan ,2006 Dec ,2006 Nov ,2006 Oct ,2006 Sep ,2006 Aug ,2006 Jul ,2006 Jun ,2006 May ,2006 Apr ,2006 Mar ,2006 Feb ,2006 Jan ,2005 Dec ,2005 Nov ,2005 Oct ,2005 Sep ,2005 Aug ,2005 Jul ,2005 Jun ,2005 May ,2005 Apr ,2005 Mar ,2005 Feb ,2005 Jan ,2004 Dec ,2004 Nov ,2004 Oct ,2004 Sep ,2004 Aug ,2004 Jul ,2004 Jun ,2004 May ,2004 Apr ,2004 Mar ,2004 Feb ,2004 Jan ,2003 Dec ,2003 Nov ,2003 Oct ,2003 Sep ,2003 Aug ,2003 Jul ,2003 Jun ,2003 May ,2003 Apr ,2003 Mar ,2003 Feb ,2003 Jan ,2002 Dec ,2002 Nov ,2002 Oct ,2002 Sep ,2002 Aug ,2002 Jul ,2002 Jun ,2002 May ,2002 Apr ,2002 Mar ,2002 Feb ,2002 Jan ,2001 Dec ,2001 Nov ,2001 Oct ,2001 Sep ,2001 Aug ,2001 Jul ,2001 Jun ,2001 May ,2001 Apr ,2001 Mar ,2001 Feb ,2001 Jan ,2000 Dec ,2000 Nov ,2000 Oct ,2000 Sep ,2000 Aug ,2000 Jul ,2000 Jun ,2000 May ,2000 Apr ,2000 Mar ,2000 Feb ,2000 Jan ,1999 Dec ,1999 Nov ,1999 Oct ,1999 Sep ,1999 Aug ,1999 Jul ,1999 Jun ,1999 May ,1999 Apr ,1999 Mar ,1999 Feb ,1999 Jan ,1998 Dec ,1998 Nov ,1998 Oct ,1998 Sep ,1998 Aug ,1998 Jul ,1998 Jun ,1998 May ,1998 Apr ,1998 Mar ,1998 Feb ,1998 Jan ,1997 Dec ,1997 Nov ,1997 Oct ,1997 Sep ,1997 Aug ,1997 Jul ,1997 Jun ,1997 May ,1997 Apr ,1997 Mar ,1997 Feb ,1997 Jan 
Total Electronic Products,"3,146,829","3,326,095","3,579,250","3,374,811","3,029,453","4,051,147","3,525,279","3,106,966","3,601,345","3,077,180","2,796,311","2,855,719","2,871,394","2,805,043","2,906,734","3,292,791","3,051,560","3,050,512","3,020,462","3,433,314","3,011,031","2,979,671","3,090,461","2,714,862","2,852,896","3,175,830","3,332,566","3,488,295","3,456,497","3,868,300","4,092,373","4,086,437","4,136,124","3,885,336","3,975,708","3,695,587","3,898,291","3,866,196","4,177,142","3,844,600","3,866,668","4,052,667","3,709,498","3,926,856","3,664,878","3,444,798","3,566,705","3,312,212","3,419,699","3,404,461","3,232,824","3,345,645","3,388,713","3,471,969","3,225,974","3,127,893","3,302,196","3,105,840","2,867,918","3,087,530","3,013,531","2,994,541","3,368,060","3,362,345","2,792,172","3,284,256","3,159,129","2,559,337","2,950,798","3,124,678","2,710,098","3,010,979","3,463,503","3,803,108","4,390,359","4,023,294","3,711,573","4,431,504","4,170,492","3,764,739","4,322,379","3,743,583","3,706,602","3,286,928","4,125,002","4,284,977","4,210,807","4,189,948","3,777,190","4,501,750","4,463,904","4,117,005","4,689,931","4,020,706","4,009,171","3,763,534","4,294,688","4,523,230","4,006,127","4,000,755","4,087,348","3,728,688","3,841,732","3,908,003","3,562,357","3,813,953","3,811,464","3,208,000","4,048,462","4,280,532","3,871,762","4,255,280","4,376,836","3,965,068","4,411,545","3,976,269","3,790,921","4,118,219","4,193,981","3,187,030","4,072,754","4,293,025","3,847,545","4,397,915","4,142,344","4,075,719","4,306,060","3,695,612","3,901,630","4,288,585","3,799,284","3,645,043","3,880,233","4,276,309","4,286,667","4,564,516","4,316,422","4,376,467","4,676,847","4,473,568","4,607,196","4,698,840","4,525,169","3,784,732","4,674,527","4,412,419","4,703,138","4,975,802","4,590,072","4,823,380","5,257,077","5,107,431","5,308,899","5,160,947","5,511,613","5,215,017","4,956,766","5,455,149","5,635,171","5,014,049","5,499,625","5,415,082","5,141,844","5,025,360","5,107,601","5,109,048","5,360,376","4,229,216","5,560,889","5,695,889","5,623,397","7,053,318","6,229,052","6,457,962","5,944,571","5,952,899","6,085,526","5,583,777","6,118,176","4,864,486","5,190,336","5,778,250","5,032,349","5,300,066","5,340,963","4,908,211","4,875,333","4,245,219","4,263,440","4,605,216","4,579,143","3,816,932","4,165,334","4,561,091","5,397,284","6,128,746","6,033,329","5,624,521","5,674,518","5,219,824","5,330,113","6,152,646","5,975,814","5,556,704","6,850,561","6,055,079","6,468,464","7,136,282","6,843,230","6,980,875","6,612,748","6,272,988","5,946,835","6,219,087","6,492,727","5,691,909","6,901,398","6,850,282","7,110,405","7,658,715","7,275,330","6,940,541","7,015,371","6,849,142","6,734,073","6,756,714","7,665,853","6,685,884","6,612,483","8,181,802","7,515,046","7,815,318","7,165,884","6,667,309","6,697,309","6,214,123","5,706,242","6,282,290","6,600,396","5,134,367","6,069,509","7,027,610","6,828,374","7,104,880","7,194,528","6,517,318","6,663,070","6,448,207","5,913,656","5,983,644","6,328,625","5,261,319","5,751,341","6,440,635","5,732,890","6,450,979","6,344,980","5,213,127","5,664,388","5,133,640","5,083,615","5,480,866","5,827,768","4,690,419","5,877,978","4,877,998","5,713,976","5,241,527","5,097,248","5,246,939","5,217,527","4,603,528","4,827,057","5,322,092","4,989,121","3,975,243","5,119,700","5,004,034","5,248,971","5,262,481","4,406,982","4,693,377","4,582,732","5,091,900","5,569,133","5,429,627","6,049,513","5,490,513","5,564,234","6,186,649","6,818,230","7,405,014","7,138,596","7,467,876","6,834,999","6,461,311","6,083,157","5,775,654","6,794,001","5,523,692","5,450,598","7,016,984","6,546,428","6,391,518","6,162,183","5,706,701","5,946,558","5,930,118","5,646,103","5,653,506","5,731,932","4,602,206","5,044,405","5,461,893","5,222,442","5,496,305","5,848,013","5,383,738","5,083,222","5,388,057","4,858,926","5,285,895","5,864,414","4,764,433","4,989,922","5,819,220","5,651,915","5,859,075","5,918,028","5,143,114","5,354,273","5,196,300","5,209,224","5,452,916","5,418,232","3,841,840","5,129,647"
  Disk Drives,"45,958","76,695","78,358","71,108","72,858","52,252","85,080","67,576","54,161","75,959","82,539","54,312","55,746","83,416","58,841","82,281","94,116","45,804","99,263","80,055","59,040","99,769","97,367","38,493","64,459","88,667","79,328","79,825","86,424","86,417","103,653","69,898","55,333","76,211","101,001","33,522","47,467","57,287","36,249","43,439","76,498","67,162","49,304","59,251","62,252","54,266","59,264","40,120","44,749","72,498","55,352","54,336","52,547","50,342","42,636","63,838","50,138","43,301","42,426","33,683","38,717","53,475","36,259","47,438","43,055","34,434","43,603","44,907","40,577","64,552","42,458","37,076","50,460","53,341","56,407","75,859","47,130","79,168","96,895","74,385","51,032","71,734","56,225","46,245","65,216","71,354","68,278","73,905","73,698","59,797","84,811","68,511","77,321","94,437","79,287","90,429","107,655","83,280","79,481","89,185","78,554","95,446","120,674","104,635","86,640","137,572","98,631","66,219","105,763","120,341","106,769","170,621","174,503","138,695","145,627","143,157","114,928","157,809","158,772","101,275","137,837","154,277","144,397","174,635","162,746","158,822","172,174","145,276","161,900","154,455","154,149","156,477","170,698","160,557","202,766","199,259","184,365","204,858","229,866","186,064","195,120","239,154","202,997","186,228","249,176","242,505","230,176","226,111","203,278","248,949","250,011","254,235","305,734","311,463","294,980","294,917","241,430","284,781","178,748","211,418","211,973","241,493","222,436","212,956","245,224","234,852","224,343","207,887","325,369","357,986","348,993","441,692","460,735","432,096","457,331","435,199","435,349","499,479","525,114","518,860","559,732","653,590","490,319","444,208","454,360","475,146","493,387","389,106","403,551","466,626","373,746","321,258","467,331","510,326","539,330","684,624","593,972","469,783","458,790","459,719","561,840","727,518","598,533","586,681","917,278","469,444","645,404","673,602","646,633","633,000","612,587","565,432","546,079","610,603","591,098","604,140","761,682","689,861","748,207","781,533","742,823","861,837","869,621","802,751","789,201","828,563","877,859","839,322","834,036","1,117,071","1,065,746","1,099,554","1,160,383","1,094,254","1,130,285","1,233,863","1,193,333","1,282,268","1,389,924","932,321","1,140,164","1,362,680","1,118,416","1,254,344","1,322,307","1,147,104","1,069,886","1,119,499","1,017,767","1,164,796","1,272,741","1,131,248","1,360,829","1,555,460","1,384,003","1,530,697","1,623,887","1,215,426","1,467,669","1,342,295","1,281,539","1,362,816","1,548,412","1,107,712","1,527,399","1,452,968","1,520,152","1,325,777","1,228,120","1,235,159","1,207,091","1,093,244","1,224,826","1,473,906","1,471,503","1,147,136","1,503,143","1,518,289","1,523,453","1,553,773","1,179,084","1,156,050","1,063,759","1,112,279","1,163,589","969,478","1,350,343","1,112,712","1,220,981","1,554,463","1,507,227","1,328,162","1,441,852","1,498,637","1,305,736","1,316,916","1,318,008","1,384,175","1,366,280","1,071,362","1,109,188","1,458,569","1,394,205","1,541,864","1,609,649","1,328,713","1,649,909","1,515,216","1,515,773","1,453,967","1,578,430","1,252,662","1,378,166","1,692,951","1,490,061","1,698,957","1,757,466","1,518,868","1,513,180","1,627,862","1,411,336","1,600,101","1,793,596","1,207,746","1,416,396","1,561,687","1,553,625","1,513,110","1,572,312","1,284,015","1,480,536","1,534,689","1,543,197","1,617,385","1,757,681","1,083,604","1,505,155"
  PCB Assembled,"85,145","110,812","113,201","85,270","106,073","115,249","117,580","110,725","133,515","118,477","121,283","106,199","113,245","109,379","107,470","118,018","102,940","101,550","124,016","100,896","110,242","82,910","142,126","128,988","114,475","147,240","143,741","153,139","168,610","170,658","186,066","182,819","162,635","198,000","222,005","157,211","199,375","252,684","198,180","223,837","216,907","223,193","213,871","208,053","218,077","221,569","256,649","189,533","222,390","291,650","215,414","246,369","236,243","217,049","203,335","154,052","181,761","204,010","202,067","221,428","239,351","217,908","245,025","248,795","192,593","273,355","250,668","210,018","233,304","212,955","224,358","198,425","232,073","240,658","251,690","262,304","234,879","323,291","288,578","237,549","248,034","237,532","227,972","181,669","270,425","293,052","363,146","254,692","289,721","339,738","329,067","325,185","396,570","412,856","467,179","350,186","394,119","405,163","423,858","387,801","291,618","305,810","299,299","336,181","311,608","310,551","352,087","292,611","355,024","386,195","324,790","356,992","375,691","332,064","368,574","367,479","356,340","405,197","429,266","328,361","389,487","443,889","361,876","406,402","426,358","472,026","488,082","435,572","483,289","506,180","469,468","495,458","540,311","548,540","593,791","554,549","569,230","570,700","570,549","534,237","593,863","566,016","764,295","547,968","670,398","649,187","721,360","694,461","674,580","745,824","829,534","826,988","868,316","905,283","946,597","964,345","816,961","967,665","910,545","879,472","935,850","949,672","1,000,606","936,423","931,796","887,977","959,643","703,494","988,152","1,069,608","948,806","1,183,525","1,011,377","1,180,996","1,122,790","1,113,422","1,241,565","1,003,317","1,135,545","891,308","982,319","1,242,666","1,043,563","1,166,473","1,210,375","1,112,070","1,012,961","859,763","855,020","877,180","888,221","747,773","864,792","974,627","1,226,331","1,231,710","1,288,085","1,456,613","1,141,819","1,057,345","1,176,799","1,319,916","1,139,415","1,166,204","1,357,402","1,450,302","1,121,543","1,289,185","1,203,800","1,338,453","1,349,038","1,292,739","1,297,602","1,323,638","1,331,645","1,157,981","1,349,924","1,342,583","1,356,342","1,367,212","1,445,625","1,385,967","1,437,748","1,366,251","1,272,247","1,199,110","1,334,550","1,283,070","1,293,771","1,783,369","1,558,112","1,668,786","1,462,020","1,371,232","1,390,456","1,305,114","1,193,550","1,324,277","1,208,110","942,496","1,102,240","1,289,975","1,307,707","1,287,244","1,476,044","1,214,624","1,314,397","1,168,099","1,032,564","967,893","1,056,236","856,227","918,550","1,146,272","1,005,520","1,023,594","1,047,750","883,086","961,619","847,129","901,057","937,604","989,987","745,936","1,081,136","932,534","1,195,872","961,342","1,082,732","1,102,139","1,011,228","897,035","936,277","1,018,076","963,593","784,848","986,961","948,358","966,587","859,236","893,215","959,009","977,690","964,853","1,046,427","1,140,665","1,227,045","971,543","885,860","1,110,498","1,362,287","1,326,898","1,209,100","1,119,678","1,154,992","1,006,531","915,786","923,920","1,126,746","930,942","993,062","1,339,661","1,214,415","1,131,351","1,145,116","959,115","967,774","1,052,815","1,016,654","1,108,662","1,120,133","856,167","984,714","1,097,838","1,089,104","985,074","1,096,995","1,064,700","955,500","992,148","819,481","1,001,107","1,141,595","996,329","1,093,601","1,215,421","1,099,078","1,211,166","1,145,810","930,406","949,942","936,907","898,803","937,468","903,487","663,091","931,389"
  Integrated Circuits,"1,578,687","1,639,435","1,820,658","1,640,557","1,500,324","2,215,685","1,577,295","1,378,576","1,919,778","1,426,411","1,366,423","1,530,823","1,377,049","1,328,697","1,412,260","1,406,406","1,431,246","1,457,246","1,389,657","1,499,250","1,413,225","1,480,340","1,487,711","1,321,002","1,392,375","1,442,900","1,719,098","1,703,567","1,707,490","2,037,337","2,160,653","2,198,181","2,325,544","1,875,943","2,083,747","2,007,540","2,031,354","1,948,653","2,256,977","1,917,262","1,939,701","2,181,796","1,823,149","1,744,024","1,836,929","1,653,945","1,721,483","1,651,106","1,725,590","1,654,553","1,591,516","1,563,591","1,813,545","1,814,943","1,641,030","1,516,497","1,736,309","1,602,391","1,445,286","1,587,613","1,514,449","1,430,283","1,735,168","1,792,644","1,393,488","1,695,320","1,616,528","1,174,570","1,417,464","1,455,467","1,354,654","1,796,868","1,903,898","2,038,365","2,731,444","2,163,344","1,995,680","2,496,250","2,134,397","1,757,767","2,379,553","1,856,288","1,749,604","1,682,772","2,050,517","2,019,823","2,143,267","2,135,080","1,797,443","2,521,149","2,526,276","2,215,099","2,601,601","1,964,234","1,884,110","1,914,716","2,283,215","2,148,243","1,956,108","1,849,706","1,874,726","1,843,416","1,948,471","1,834,675","1,768,529","1,778,376","1,743,904","1,519,962","1,734,848","1,653,680","1,769,121","1,949,364","2,000,140","1,879,947","1,968,730","1,715,354","1,857,714","1,842,399","1,944,462","1,565,132","2,041,912","1,863,941","1,832,469","2,106,114","1,752,721","1,820,357","1,934,137","1,549,737","1,702,749","1,833,329","1,564,623","1,637,724","1,548,142","1,660,165","1,921,471","1,971,357","1,856,715","1,899,429","2,036,382","1,871,539","2,029,546","1,931,393","1,928,362","1,791,989","1,961,442","1,670,585","2,037,018","2,076,721","1,905,591","2,224,255","2,249,567","2,190,407","2,242,329","2,186,356","2,324,176","2,099,477","2,174,725","2,180,328","2,594,416","2,089,880","2,455,635","2,270,212","2,098,957","2,050,497","2,091,964","2,003,317","2,126,979","1,746,305","2,053,867","2,190,008","2,457,614","3,139,146","2,700,832","2,675,652","2,170,527","2,161,049","2,053,961","2,018,621","2,188,427","1,722,321","1,712,032","1,881,105","1,773,558","1,755,370","1,742,470","1,614,709","1,588,424","1,408,503","1,516,029","1,519,141","1,418,784","1,332,105","1,537,824","1,536,468","1,797,934","1,879,219","1,987,553","1,623,582","1,792,684","1,482,198","1,568,623","1,863,596","1,887,433","1,577,528","1,907,569","1,550,660","1,725,369","2,028,061","1,987,742","1,941,420","1,921,534","1,962,596","1,795,413","1,799,863","2,028,599","1,636,441","2,001,649","2,011,409","2,117,483","2,465,533","2,363,466","2,047,734","2,131,653","2,040,054","2,065,064","2,157,495","2,415,497","2,112,586","1,990,550","2,155,873","2,194,332","2,293,599","1,943,727","1,842,708","1,825,732","1,493,457","1,445,866","1,654,886","1,786,967","1,490,491","1,767,044","1,767,122","1,985,460","2,146,079","1,929,052","1,860,196","1,998,760","1,924,708","1,839,175","1,812,873","1,722,737","1,451,456","1,543,888","1,640,781","1,509,065","1,747,245","1,670,841","1,425,696","1,449,813","1,332,910","1,318,945","1,385,084","1,404,611","1,348,104","1,404,066","954,137","1,248,278","969,780","1,072,306","1,119,206","1,214,947","976,517","963,108","966,608","943,856","729,246","888,259","875,829","1,020,415","954,649","716,249","857,804","888,758","1,203,683","1,234,493","1,274,922","1,445,632","1,493,849","1,473,507","1,344,062","1,575,844","2,025,311","1,848,243","2,191,810","1,929,954","1,752,843","1,480,234","1,299,459","1,740,653","1,497,083","1,343,706","1,625,338","1,504,000","1,327,433","1,272,370","1,238,660","1,162,044","1,084,146","1,119,554","1,088,996","977,026","927,409","872,988","1,056,346","898,850","968,833","1,024,022","1,072,824","967,831","977,881","870,165","982,058","1,126,656","998,720","888,520","1,162,101","1,151,515","1,064,010","1,036,879","928,042","946,960","895,750","931,210","965,044","929,911","707,748","839,480"
  Personal Computers,"471,670","443,103","336,737","457,851","366,835","319,146","362,242","354,341","286,881","354,833","239,799","274,430","282,977","241,305","192,584","471,996","236,693","234,733","217,925","198,853","225,540","204,715","224,921","217,500","268,046","367,539","369,039","390,633","354,463","315,430","404,040","356,457","249,256","411,571","280,381","259,724","343,419","285,877","293,049","349,182","344,150","279,548","405,017","649,933","272,410","362,091","250,561","283,574","261,159","215,696","189,973","295,655","237,514","244,380","221,053","282,287","236,829","258,889","150,870","143,018","207,456","196,751","185,448","237,582","213,245","212,109","239,209","282,419","243,043","464,495","231,448","208,442","306,067","570,624","247,718","345,869","318,905","296,934","372,623","509,326","280,261","387,590","431,231","293,431","466,012","718,091","308,011","426,654","412,428","265,670","372,779","395,493","340,861","376,739","346,522","249,214","355,878","650,559","275,764","377,555","505,004","224,742","357,711","396,350","206,791","396,161","374,551","255,668","501,802","737,800","338,068","401,190","447,532","286,559","558,573","558,542","279,362","505,489","509,458","232,568","332,735","596,468","326,998","409,987","337,745","220,922","321,211","329,459","240,148","309,619","228,410","155,235","307,933","529,399","213,861","295,351","253,536","204,013","285,119","486,093","256,022","458,450","256,627","111,635","348,265","441,851","155,255","210,553","181,951","174,848","249,838","209,829","161,944","183,818","197,069","137,320","157,058","258,516","164,924","230,670","197,189","174,687","226,063","138,389","139,921","210,353","214,128","120,355","262,763","228,650","147,624","163,331","132,770","141,797","148,571","117,611","119,010","119,215","124,479","91,771","122,919","101,020","110,014","101,554","106,081","93,910","123,548","96,961","75,862","113,509","139,570","81,304","76,395","86,891","94,372","135,360","115,356","85,056","111,144","105,523","103,688","135,562","128,105","120,145","114,203","137,672","126,119","154,250","106,403","166,593","89,528","97,231","92,543","93,446","84,883","73,895","105,026","105,326","88,797","89,684","75,117","84,436","84,351","74,906","93,485","58,845","89,667","68,867","71,901","96,443","79,659","85,093","89,533","79,161","86,932","98,469","69,438","93,958","92,941","91,728","103,200","102,016","108,842","158,990","113,113","116,936","130,364","101,191","139,649","109,502","104,911","78,638","96,940","108,031","104,832","98,587","102,061","106,245","101,200","93,826","72,050","109,400","105,444","91,827","111,939","101,339","125,041","123,619","113,669","110,996","102,687","125,288","123,346","183,083","168,589","162,387","197,666","203,417","185,577","180,518","159,534","204,053","183,931","190,252","186,942","261,314","262,508","191,273","198,987","240,740","267,881","276,473","348,467","362,479","224,238","286,679","272,352","287,535","372,475","284,307","239,731","484,867","434,541","364,147","287,619","289,293","337,620","318,099","364,207","362,875","414,322","284,623","310,031","333,838","394,451","343,375","403,841","248,886","254,037","373,166","360,808","271,696","373,153","321,478","336,006","367,949","335,214","355,237","439,571","393,337","353,314","375,135","363,220","381,636","378,213","321,117","399,329"
  Telecommunications Equipment,"180,302","179,990","173,793","194,640","208,677","198,215","209,011","206,151","175,646","163,330","218,764","184,122","249,032","307,553","371,993","519,053","515,401","462,275","454,688","416,600","382,043","365,615","357,232","270,549","240,295","306,658","289,600","377,295","328,231","289,715","298,378","286,603","242,646","283,843","300,770","208,465","264,759","318,274","294,697","312,253","309,768","238,211","248,189","282,103","237,231","228,161","282,266","291,645","236,199","260,468","264,530","250,114","215,350","225,124","224,443","264,149","176,411","187,603","199,130","171,740","152,396","226,266","233,569","201,903","175,738","195,522","205,923","183,402","174,667","189,030","184,865","160,482","198,626","208,991","218,193","243,387","222,047","201,413","222,006","214,201","199,474","196,958","236,831","143,431","195,984","226,059","268,809","230,212","194,829","188,694","201,243","202,958","212,602","185,094","219,978","174,450","166,287","207,077","193,523","209,345","228,165","200,274","205,671","240,119","210,105","238,984","285,466","180,996","256,743","307,234","278,109","268,435","253,171","243,435","264,798","236,595","221,114","203,099","188,697","158,213","158,613","224,697","196,449","176,497","155,107","159,894","173,081","148,667","139,262","160,042","145,496","133,828","129,689","145,963","155,108","168,497","161,100","178,330","196,726","210,491","167,600","182,636","191,379","140,378","212,577","210,455","211,345","278,405","248,866","223,216","266,635","227,582","294,613","310,040","369,056","363,935","261,953","326,729","296,743","227,037","221,184","199,168","132,700","170,656","144,516","197,789","224,066","146,279","232,240","237,084","182,892","226,584","204,558","213,101","196,503","160,397","192,944","140,606","138,098","101,037","118,375","143,164","114,311","135,755","162,141","166,504","154,649","128,192","117,960","154,362","176,777","173,016","148,295","239,895","193,433","214,645","212,492","206,563","227,748","302,095","259,879","343,015","343,610","309,763","441,286","407,526","274,614","299,667","393,574","340,590","350,491","400,417","341,330","399,946","427,312","361,906","567,502","659,810","592,807","668,696","598,273","567,757","548,957","612,053","600,244","489,522","639,583","435,873","568,074","928,081","498,563","542,948","490,083","401,721","428,608","495,556","336,215","326,301","410,963","291,156","394,812","782,903","672,287","454,916","521,176","446,139","421,752","429,042","238,309","259,761","384,455","363,435","285,568","330,248","242,125","269,984","195,808","187,665","166,556","165,210","156,835","202,615","287,849","173,537","209,277","165,051","202,694","241,447","206,207","175,892","170,575","152,760","181,846","147,712","160,937","117,737","198,355","185,209","201,909","202,398","216,958","183,811","164,301","150,519","159,150","148,628","183,223","164,735","175,751","176,188","192,418","289,785","322,727","329,768","301,090","278,079","286,322","222,975","283,189","222,100","248,182","281,469","279,624","310,784","234,907","226,631","208,403","182,587","177,365","163,923","220,972","119,123","122,624","154,554","136,487","135,429","142,990","110,706","146,667","149,480","162,099","207,560","168,001","117,852","138,614","181,558","154,042","168,576","165,365","199,173","173,371","136,679","156,719","220,450","178,569","107,681","166,890"
  Consumer Electronics,"29,805","75,453","34,048","40,376","30,969","32,479","42,462","37,643","40,551","34,292","35,778","22,831","35,868","43,015","43,034","50,378","31,661","36,114","40,435","45,197","55,486","44,493","46,933","37,903","43,990","45,229","41,536","44,663","41,673","43,854","43,298","57,493","46,448","49,562","56,412","44,960","45,920","53,441","57,532","51,946","47,116","52,915","56,295","64,765","69,519","70,162","71,580","61,707","50,591","68,800","75,540","74,026","69,463","71,384","64,299","63,772","46,200","42,907","54,612","49,751","52,255","67,730","58,780","61,770","70,983","65,875","68,809","54,691","60,602","46,671","51,036","34,806","44,966","44,120","66,198","59,690","48,452","48,862","45,646","49,632","70,267","67,504","71,530","52,027","60,246","63,395","59,206","67,367","77,058","53,964","95,549","67,507","75,204","73,223","89,718","74,626","67,326","81,537","80,774","67,666","74,394","69,071","61,594","79,784","76,628","68,759","70,050","57,078","71,489","74,536","71,414","64,262","54,196","62,419","56,267","48,025","41,166","46,619","47,909","36,094","42,480","62,592","78,349","56,795","71,182","72,959","69,092","68,567","69,957","83,597","82,067","66,308","71,613","82,833","78,242","85,459","87,723","101,779","109,548","103,239","164,756","139,724","103,962","67,574","103,899","115,204","133,750","105,511","110,171","91,336","98,428","96,379","87,761","77,034","105,266","80,459","81,132","98,278","121,398","80,528","95,411","90,879","81,235","79,787","86,023","89,482","111,615","121,799","135,098","153,066","124,879","161,457","152,607","152,071","149,222","157,865","128,008","137,728","130,897","127,711","164,550","200,797","177,091","221,535","221,584","188,173","200,404","165,034","182,830","153,295","169,895","213,215","119,712","192,293","181,510","265,001","246,992","245,289","248,328","217,957","235,743","207,908","207,317","165,862","245,802","371,567","525,733","575,716","626,457","585,144","427,540","331,298","355,936","304,937","297,554","268,250","375,040","312,981","384,599","494,814","455,566","418,977","374,681","340,407","348,637","460,258","480,734","383,853","365,110","423,543","468,556","505,188","455,002","368,920","357,114","319,314","337,837","336,651","400,679","266,621","316,046","391,211","434,425","437,010","485,279","462,802","424,055","419,050","339,013","345,972","326,966","276,709","296,389","315,634","324,935","440,163","377,393","310,563","350,649","274,296","301,196","301,342","253,501","231,696","300,135","202,083","237,858","324,300","265,605","285,579","289,775","249,614","249,861","253,663","205,207","154,370","172,886","181,432","189,585","281,271","246,339","273,960","270,699","293,738","328,131","274,339","264,688","233,230","214,055","268,044","374,339","363,774","349,757","344,866","328,900","309,193","300,288","260,253","293,609","221,657","204,080","259,831","268,441","270,466","299,724","297,642","279,705","272,542","257,759","300,207","255,601","191,266","199,651",na,na,na,na,na,na,na,na,na,na,na,na,na,na,na,na,na,na,na,na,na,na,na,na
  Parts Of Integrated Circuits,"71,701","77,006","73,565","78,247","75,363","65,884","85,722","77,751","69,484","104,054","95,281","112,398","84,386","72,252","69,563","86,398","79,783","81,480","112,516","102,160","95,015","104,026","91,581","72,603","92,501","76,313","91,031","107,403","108,676","136,476","155,931","163,143","185,361","180,114","102,294","79,892","97,116","92,793","100,722","102,276","80,837","102,136","85,121","87,685","85,705","92,740","80,876","72,914","84,762","71,942","76,154","72,350","44,400","47,157","51,696","45,257","37,383","54,002","59,956","79,458","85,679","72,774","58,121","50,184","40,441","41,629","49,695","37,416","44,786","45,492","37,454","34,417","49,650","46,371","53,420","77,811","80,357","82,086","131,110","94,803","97,865","94,263","110,852","80,852","124,820","88,400","89,880","131,432","137,799","157,273","104,372","92,872","125,527","114,531","110,471","95,598","107,098","105,709","117,091","104,868","101,632","108,587","91,131","102,481","90,591","97,719","94,951","96,134","135,260","117,012","119,840","128,579","156,634","138,525","169,829","101,042","94,649","117,168","108,297","103,095","111,265","112,125","106,286","189,580","449,211","434,457","420,437","332,358","311,510","470,008","410,863","323,891","373,107","408,052","388,438","464,972","410,361","381,974","401,284","336,890","344,576","352,318","272,466","207,643","290,956","315,288","306,996","347,283","386,812","317,172","479,321","359,989","224,284","252,351","259,156","268,856","286,622","386,510","395,833","274,561","419,538","428,903","379,657","392,440","414,656","457,264","429,348","325,596","425,972","387,786","401,326","630,762","594,703","694,953","778,160","798,501","785,302","699,869","870,736","567,006","602,690","544,858","497,419","525,492","407,422","418,703","355,690","354,183","370,962","410,790","442,679","301,614","243,379","200,116","349,224","621,836","648,103","658,912","708,527","651,606","553,075","556,965","665,258","689,630","687,054","660,541","897,884","908,895","661,907","780,153","658,482","459,890","479,947","582,381","541,897","570,165","564,927","417,829","507,303","530,257","419,859","357,225","398,189","388,494","370,896","322,164","398,874","331,483","331,935","330,854","464,090","336,872","432,593","394,967","416,389","268,474","258,104","273,049","258,933","226,328","225,839","247,979","210,588","239,506","233,939","264,683","247,545","269,334","256,909","223,702","261,383","207,058","217,631","218,441","206,617","228,062","201,105","186,159","222,416","204,853","176,504","189,198","183,645","148,204","149,514","109,793","145,387","142,724","122,567","129,623","133,062","119,662","132,181","131,682","111,970","68,992","82,364","118,845","130,208","125,191","93,475","107,387","112,597","118,649","118,454","121,558","132,608","146,243","157,409","263,545","243,007","246,634","197,139","216,521","168,740","161,707","168,881","170,163","168,056","149,176","142,372","149,637","163,176","152,221","138,085","120,288","113,451","125,757","150,067","131,306","148,892","133,067","204,999",na,na,na,na,na,na,na,na,na,na,na,na,na,na,na,na,na,na,na,na,na,na,na,na
  Diodes And Transistors,"146,601","171,132","200,414","226,659","211,151","237,386","254,356","243,369","275,752","273,732","247,187","196,917","261,941","277,872","250,200","222,836","236,051","278,765","259,854","267,920","264,631","247,837","278,021","257,129","239,849","299,438","289,570","277,747","291,828","300,318","249,898","272,563","228,343","247,866","276,713","225,783","257,456","257,440","276,171","259,320","256,102","277,743","260,207","270,055","274,708","252,554","276,356","256,932","260,335","233,502","214,490","216,546","208,136","205,039","200,576","204,351","178,524","163,431","191,360","184,789","204,295","200,433","233,797","206,742","197,263","210,739","176,680","192,139","241,072","188,274","188,216","147,863","204,987","168,687","170,786","205,352","228,073","257,348","214,170","251,483","263,961","217,869","233,199","210,050","283,730","256,952","250,773","271,565","294,210","361,531","284,554","267,137","325,737","272,399","309,207","282,385","282,486","281,187","316,052","380,397","359,367","351,062","296,545","335,533","319,049","309,075","303,234","271,026","346,847","311,435","308,888","349,571","339,861","359,609","368,324","345,417","344,374","314,139","316,019","256,225","326,716","278,293","290,228","306,111","319,518","290,621","302,639","289,943","271,004","288,081","272,289","255,394","248,045","234,597","261,841","283,352","288,769","304,126","312,006","266,261","326,631","295,566","253,831","195,500","256,004","218,492","264,856","253,210","234,624","238,985","220,089","229,479","349,547","213,747","243,036","263,690","261,860","260,866","275,830","289,534","300,137","366,220","302,678","345,702","316,345","309,808","356,041","290,776","363,709","339,301","312,034","339,933","362,059","370,243","349,837","293,994","263,956","240,393","254,388","177,507","254,758","248,496","221,064","262,566","279,565","234,269","230,527","183,271","176,981","254,379","241,160","145,045","208,636","230,935","284,904","359,613","255,211","237,693","257,315","216,228","223,657","251,067","180,972","182,571","231,165","200,141","211,858","279,590","236,906","293,911","273,517","204,388","197,137","225,102","224,419","162,402","201,990","197,883","223,125","265,870","251,990","296,294","336,571","309,167","375,272","354,228","454,701","363,337","363,584","277,988","263,769","237,245","195,663","164,180","177,354","145,723","119,655","147,012","148,166","133,441","136,940","154,917","181,598","195,331","177,473","173,571","166,434","167,866","177,256","166,951","197,185","148,328","145,207","148,280","147,829","160,634","140,978","154,717","146,789","125,220","131,765","139,720","138,181","114,282","149,608","140,901","168,724","213,593","159,187","199,299","220,570","170,519","176,638","154,940","141,304","105,179","132,692","130,198","155,646","157,957","136,470","134,453","130,301","149,367","170,800","173,499","181,915","182,623","172,367","174,030","170,804","181,297","231,613","214,582","212,504","209,216","223,450","221,158","253,973","223,167","180,329","204,404","160,616","149,534","146,056","125,980","118,747","108,281","112,084","116,216","110,905","92,614","101,705",na,na,na,na,na,na,na,na,na,na,na,na,na,na,na,na,na,na,na,na,na,na,na,na
Non-Electronic Products,"11,985,800","11,901,456","11,395,080","10,701,638","10,863,772","10,952,559","12,852,878","10,478,927","10,584,397","10,811,864","11,155,095","10,122,000","12,586,099","11,164,095","11,580,450","11,487,250","10,713,427","10,549,691","11,136,085","11,463,167","11,278,169","12,376,435","14,523,282","10,292,442","10,397,090","11,005,978","11,012,709","11,831,809","12,784,113","13,694,341","13,674,518","13,577,237","12,631,031","13,144,278","15,215,270","11,747,217","13,798,043","13,990,938","12,631,677","12,467,571","11,882,555","11,713,847","12,911,155","12,346,778","11,310,965","12,562,284","14,250,415","10,799,577","11,632,860","11,671,789","10,303,590","10,498,614","10,675,362","11,887,963","11,527,771","10,911,072","10,482,284","11,996,990","13,052,682","10,483,530","10,357,966","11,115,603","10,883,719","10,931,261","10,495,892","10,978,439","10,789,437","9,768,876","11,516,568","10,647,820","10,943,564","10,160,990","10,364,841","9,970,890","10,750,294","12,307,665","10,748,202","11,243,771","11,592,401","11,172,063","12,963,364","11,578,832","11,776,045","9,288,428","11,261,719","10,768,038","11,366,030","10,933,427","9,597,354","10,430,886","9,743,325","10,698,745","10,274,494","9,683,334","11,975,632","9,609,794","9,331,209","10,077,906","10,277,986","8,545,736","9,438,984","9,070,147","9,362,897","9,716,723","11,252,373","9,975,583","9,915,708","7,886,084","8,498,211","9,103,122","8,486,520","10,332,329","9,922,440","9,169,374","9,961,265","10,249,006","9,200,957","10,413,393","12,147,721","8,089,722","9,653,003","9,909,298","8,857,242","9,860,817","9,700,283","10,191,615","9,678,768","9,648,751","9,073,393","10,013,287","9,689,439","8,554,089","9,341,367","9,390,387","8,422,427","9,894,189","9,378,809","9,013,736","9,882,927","9,640,077","9,427,553","9,598,983","10,056,641","7,504,129","9,269,103","8,674,112","9,361,399","10,361,501","9,827,292","9,779,885","9,824,431","10,508,840","9,524,546","9,448,948","10,157,863","11,689,752","9,173,233","10,244,179","8,951,793","9,182,336","9,399,447","11,042,544","9,272,585","9,775,853","9,388,995","9,355,935","11,011,901","8,555,614","9,040,781","8,796,490","8,809,331","9,784,787","9,503,037","9,385,722","8,851,406","8,686,090","7,441,864","9,160,646","8,755,715","7,112,168","6,937,873","7,454,189","8,089,548","7,247,386","7,480,831","7,201,292","7,634,494","7,144,476","6,632,200","6,734,462","7,259,395","5,892,071","5,873,815","5,914,963","6,660,005","7,214,515","7,788,783","7,415,078","8,015,557","7,577,275","7,124,084","7,870,674","8,347,824","7,197,133","8,569,154","7,177,873","8,149,004","8,652,827","7,818,301","8,170,271","7,892,401","8,026,220","7,964,330","7,086,986","8,721,540","6,304,656","8,090,042","7,001,798","8,014,832","7,143,295","7,071,798","6,726,849","6,743,289","7,279,809","6,678,843","6,606,361","7,314,811","6,161,382","6,887,023","7,969,338","6,485,513","6,449,740","6,088,338","6,660,231","6,000,489","5,880,403","5,653,129","5,863,220","6,264,069","5,894,064","5,418,998","5,248,367","5,416,682","5,824,259","6,046,507","5,852,470","5,515,784","5,489,906","5,791,305","5,220,506","5,713,087","5,147,353","4,612,043","4,715,671","4,630,025","5,006,371","4,935,188","4,421,490","4,800,035","4,874,012","4,563,186","4,438,418","4,537,325","3,779,465","4,456,607","3,123,431","3,789,373","3,617,264","3,206,929","3,352,150","3,450,266","3,138,356","3,157,322","3,392,040","2,901,239","2,323,967","2,874,961","2,662,446","2,735,648","3,119,118","2,697,548","2,802,601","2,834,719","2,694,944","2,997,405","2,761,305","3,497,414","2,731,686","2,777,219","3,015,427","3,302,712","3,294,981","3,112,238","3,229,154","2,948,303","2,920,864","3,333,805","2,528,656","2,964,748","2,276,167","2,203,359","2,654,695","2,817,136","2,806,519","3,015,100","2,705,957","2,545,090","2,560,366","2,501,031","2,555,454","2,603,355","1,966,128","2,072,203","2,277,951","2,295,474","2,483,800","2,741,958","2,371,292","2,500,324","2,511,035","2,195,438","2,288,873","2,538,666","2,305,015","2,287,632","2,635,538","2,393,254","2,558,675","2,530,568","2,244,516","2,407,398","2,253,135","2,204,128","2,249,957","2,250,108","1,675,810","2,226,833"
  Specialised Machinery,"2,440,633","2,073,613","1,518,910","1,977,782","1,796,278","1,865,713","2,225,246","1,624,419","1,500,977","2,199,681","1,966,279","1,340,148","2,709,680","1,729,864","1,461,277","2,577,923","1,593,812","1,299,106","2,061,368","1,821,377","1,477,416","2,109,054","1,746,650","1,334,027","1,922,928","1,784,327","1,634,735","2,337,185","1,802,440","1,746,742","2,493,345","1,846,533","1,929,278","2,284,882","1,985,414","1,369,101","2,301,166","2,139,202","1,828,496","2,073,246","1,695,979","1,790,207","2,221,994","1,864,201","1,525,721","2,141,813","1,984,908","1,349,557","1,672,394","1,746,366","1,053,166","1,389,394","1,265,300","1,053,947","1,416,844","1,301,833","965,872","1,388,370","1,468,708","995,488","1,092,419","1,333,897","946,665","1,228,261","943,440","838,278","884,947","892,392","896,887","1,065,285","953,553","571,901","783,458","1,028,308","819,464","1,125,733","796,468","836,771","1,288,526","1,023,680","1,035,597","1,378,918","1,261,766","953,043","1,166,168","1,524,219","940,032","1,007,517","866,107","998,783","1,233,757","1,345,632","1,049,883","1,484,305","1,134,392","875,684","1,037,476","1,146,576","802,526","933,831","749,873","689,334","677,669","763,960","607,137","777,213","666,917","408,622","506,880","701,003","487,404","718,671","601,247","560,253","813,653","696,683","537,390","808,322","683,020","439,224","523,469","689,640","504,687","735,034","615,042","544,615","705,611","585,721","480,546","763,814","632,060","442,924","536,062","547,636","493,482","547,371","462,927","558,069","595,756","595,226","552,827","603,259","712,433","472,044","611,916","558,632","442,355","528,254","543,207","588,287","832,883","783,429","692,018","885,251","801,432","606,713","715,850","739,207","429,103","488,637","470,910","596,361","650,415","629,476","634,368","645,590","609,231","434,604","643,250","538,976","548,606","645,706","570,040","509,333","503,196","410,893","388,614","409,747","394,316","270,182","245,050","304,326","245,056","251,316","252,887","205,523","200,213","137,971","127,671","124,766","150,141","122,520","94,483","134,012","143,522","187,261","206,542","195,081","201,637","196,331","214,974","169,018","206,842","201,817","189,409","180,317","220,126","206,415","263,424","177,199","195,173","178,233","181,326","169,651","181,906","112,263","174,574","181,348","159,024","167,338","171,985","153,324","192,209","171,947","177,722","146,586","164,376","134,485","143,734","153,743","139,017","161,851","169,134","143,467","112,415","150,226","111,071","122,312","117,484","103,799","123,563","164,696","159,001","151,966","159,525","151,846","192,896","190,683","186,075","150,839","169,203","140,204","130,394","139,505","114,867","137,900","128,807","115,935","111,147","111,016","92,237","120,624","103,172","76,396","82,469",na,na,na,na,na,na,na,na,na,na,na,na,na,na,na,na,na,na,na,na,na,na,na,na,na,na,na,na,na,na,na,na,na,na,na,na,na,na,na,na,na,na,na,na,na,na,na,na,na,na,na,na,na,na,na,na,na,na,na,na,na,na,na,na,na,na,na,na,na,na,na,na
  Total Chemicals,"3,383,721","3,105,808","3,343,658","3,213,842","3,883,404","3,485,091","5,002,076","3,526,806","3,485,836","3,567,123","3,543,830","3,889,979","4,391,140","3,880,258","4,877,613","3,834,869","3,357,822","3,755,860","4,433,101","3,371,423","3,913,468","5,474,628","5,627,965","3,676,270","3,994,289","3,543,771","3,698,591","3,757,463","4,174,140","4,836,225","5,168,144","5,025,839","4,908,559","4,772,054","5,711,513","4,464,945","4,581,381","4,604,863","4,811,685","4,680,673","4,188,618","4,208,183","5,016,401","4,755,902","4,757,202","4,744,211","5,470,850","3,784,592","4,147,862","3,318,969","3,514,345","4,036,878","3,178,179","3,595,619","3,520,708","3,788,293","4,108,256","4,813,664","4,013,715","4,067,106","3,924,845","3,660,379","3,879,392","4,111,984","3,834,515","3,814,307","3,881,046","3,817,895","5,036,274","3,636,101","3,872,767","3,863,730","4,445,326","3,711,360","4,600,441","5,563,097","4,504,655","4,674,751","4,711,722","4,378,937","4,721,265","4,631,128","4,782,873","3,788,141","4,473,261","4,142,904","4,498,641","4,240,344","3,652,846","4,121,919","3,405,764","3,790,830","3,938,310","3,625,091","4,623,053","4,082,567","4,057,968","3,867,383","4,094,406","3,304,986","3,978,097","3,556,053","3,766,688","4,002,530","3,743,689","4,125,156","3,630,366","3,369,363","3,811,749","3,229,034","3,309,018","4,415,624","3,791,717","4,017,819","4,154,348","4,400,360","3,904,548","4,313,931","4,757,712","3,148,607","4,186,260","3,760,901","3,496,307","4,007,443","4,211,690","4,915,694","4,027,033","4,459,803","4,060,261","4,349,104","4,061,117","4,013,705","4,019,170","3,854,378","3,309,274","3,939,541","3,697,566","3,892,094","3,854,101","3,650,281","4,305,624","4,125,890","4,622,682","3,199,397","3,945,760","3,631,605","4,010,969","4,227,290","4,122,264","4,434,751","4,163,655","4,683,053","4,067,602","4,030,818","4,591,620","4,711,399","4,010,722","3,844,397","3,477,214","4,063,058","4,263,000","4,402,439","4,103,123","4,266,334","3,940,319","4,141,837","4,118,345","3,901,537","3,929,230","3,686,750","3,377,546","3,864,098","3,961,054","4,375,667","3,618,899","4,122,875","3,040,037","3,399,164","3,682,112","3,355,464","3,044,665","3,220,688","3,409,981","3,123,603","3,289,343","3,057,292","3,402,319","3,004,194","2,873,963","3,302,387","2,988,877","2,466,052","2,682,467","1,918,545","2,278,246","2,986,448","3,327,403","3,030,653","3,312,126","3,489,268","3,056,232","3,446,402","3,475,596","3,404,616","3,863,032","3,286,868","3,777,573","3,907,503","3,568,565","4,011,246","3,654,805","3,927,092","3,991,279","3,201,155","4,348,229","3,070,355","4,301,473","3,364,242","4,161,827","3,427,695","3,334,788","2,796,965","2,953,895","3,333,267","2,965,591","3,271,293","3,208,011","3,101,621","3,693,554","4,237,159","3,007,537","2,869,371","2,571,666","2,961,928","2,840,855","2,610,331","2,588,529","2,756,135","2,655,634","2,909,329","2,581,064","2,079,675","2,507,779","2,778,541","2,922,069","2,916,186","2,468,067","2,591,367","2,685,783","2,407,425","2,649,806","2,723,680","2,265,087","1,948,857","2,218,121","2,294,595","2,221,176","1,931,204","1,813,002","2,530,196","2,232,263","1,976,726","2,068,706","1,868,638","2,120,452","1,263,156","1,722,462","1,538,630","1,223,643","1,382,077","1,390,264","1,173,994","1,223,035","1,316,852","1,077,899","897,512","1,067,097","931,704","925,274","1,154,534","977,434","1,010,161","1,033,986","931,897","1,067,964","994,469","1,068,982","977,140","1,036,044","894,379","1,066,597","1,043,160","964,573","1,068,404","853,101","902,178","969,861","735,952","919,884","767,118","626,202","721,060","1,039,490","755,918","1,237,359","1,006,717","767,036","865,123","883,035","919,925","912,711","628,933","737,836","558,053","598,942","701,177","643,684","633,543","604,689","551,391","513,648","581,612","571,461","645,510","559,505","688,208","611,118","629,056","657,712","529,008","572,853","517,570","483,210","495,006","480,988","458,480","526,790"
    Pharmaceuticals,"907,464","718,083","855,366","739,291","1,345,402","801,707","2,166,344","1,016,907","838,999","843,782","877,343","1,594,281","1,931,067","1,471,760","2,366,511","1,240,148","996,425","1,172,941","2,083,862","952,991","1,342,585","3,161,464","2,955,291","1,231,346","1,757,292","937,846","1,081,323","1,092,683","1,446,555","1,882,181","2,043,630","1,388,190","1,561,110","1,394,765","2,312,604","1,569,042","1,431,211","1,150,287","1,451,543","1,672,226","1,183,783","1,114,631","1,875,711","1,751,711","1,708,434","1,486,785","1,961,738","1,124,289","1,609,921","667,760","1,204,918","1,606,867","929,907","1,271,961","1,265,305","1,619,990","2,088,352","2,516,372","1,562,644","1,688,371","1,623,645","1,271,992","1,392,511","1,564,845","1,277,851","1,204,464","1,095,502","1,239,248","2,245,638","920,216","1,051,429","1,365,029","1,718,065","944,414","1,662,796","2,445,912","1,744,264","1,577,296","1,628,303","1,397,284","1,748,049","1,726,774","1,656,293","1,218,934","1,488,515","1,289,328","1,550,010","1,289,633","1,041,534","1,182,541","778,439","1,172,837","1,322,959","1,201,185","1,686,292","1,325,310","1,630,159","1,204,396","1,501,226","1,031,117","1,627,517","1,300,991","1,677,209","1,782,273","1,541,212","1,998,639","1,432,272","1,386,436","1,863,773","1,122,085","1,036,515","1,944,226","1,400,031","1,585,057","1,487,868","1,803,195","1,459,126","1,695,379","2,072,425","990,898","1,743,515","1,244,741","1,184,450","1,344,394","1,314,129","1,747,733","1,251,417","1,902,001","1,468,709","1,576,789","1,249,023","1,276,972","1,385,335","1,242,006","933,872","1,403,936","1,216,046","1,377,513","1,327,595","1,530,361","1,991,670","1,609,743","2,253,288","1,048,883","1,528,845","1,527,791","1,759,493","1,948,449","2,005,177","2,111,344","1,951,939","2,487,776","1,661,436","1,825,597","2,190,368","2,413,536","1,983,937","1,725,673","1,357,832","1,897,481","2,067,870","2,181,663","1,927,873","2,006,280","1,658,284","1,965,355","1,531,350","1,670,834","1,650,116","1,244,892","1,117,083","1,760,064","1,838,656","2,348,337","1,298,358","1,983,550","1,024,763","1,321,455","1,466,077","1,648,644","1,190,945","1,281,397","1,698,877","1,395,722","1,585,068","1,425,530","1,670,170","1,530,012","1,526,362","1,830,389","1,558,331","1,278,231","1,693,902","729,357","954,050","1,118,272","1,342,670","1,133,206","1,080,894","1,527,766","1,088,438","1,293,033","1,644,054","1,685,875","1,786,684","1,495,750","1,839,423","1,829,250","1,885,836","2,071,814","1,853,956","1,947,624","2,112,606","1,464,699","2,460,212","1,551,991","2,428,556","1,680,078","2,342,016","1,589,403","1,542,921","1,006,979","1,276,023","1,451,420","1,202,046","1,770,789","1,426,970","1,538,953","2,149,773","2,507,186","1,346,562","1,158,802","966,934","1,360,756","1,191,287","1,161,158","1,014,605","1,142,493","945,374","1,468,158","1,038,380","515,213","990,553","1,202,238","1,237,864","1,281,942","1,010,840","1,197,594","1,321,237","1,054,175","1,297,898","1,465,829","1,090,899","690,718","1,100,786","1,113,134","1,050,881","919,835","670,741","1,497,345","1,189,538","921,176","866,435","921,774","1,055,881","468,641","898,382","642,326","430,325","548,678","571,424","456,464","422,260","522,299","353,863","303,732","359,014","324,567","331,529","486,353","371,161","396,910","403,168","314,071","455,840","426,801","421,986","330,328","390,367","234,148","413,320","368,535","291,252","377,798","238,733","250,869","327,617","223,844","338,490","249,838","116,982","173,681","479,021","188,383","699,699","531,799","293,448","367,495","410,034","449,546","425,410","276,214","379,363","159,435","210,174","287,442","213,173","227,085","211,675","178,568","140,138","169,634","114,258","175,435","141,116","201,939","125,955","144,787","203,880","149,992","166,735","161,659","128,700","144,474","120,142","160,283","165,955"
    Petrochemicals,"1,103,792","1,069,852","1,099,906","1,147,588","1,050,746","1,228,847","1,364,461","1,214,754","1,178,555","1,321,018","1,160,131","1,056,826","1,106,403","1,091,262","1,161,146","1,239,765","1,074,206","1,218,163","1,065,879","1,065,296","1,108,421","1,058,512","1,203,293","1,078,159","1,017,780","1,269,593","1,253,916","1,198,855","1,261,244","1,390,282","1,380,605","1,613,923","1,437,501","1,574,997","1,564,040","1,424,883","1,386,131","1,601,946","1,584,606","1,468,796","1,416,542","1,362,807","1,465,231","1,332,878","1,405,545","1,535,968","1,593,848","1,194,934","1,136,130","1,247,403","954,791","1,057,679","927,448","1,042,966","981,304","881,750","903,496","941,651","1,052,821","1,003,129","1,032,651","1,118,694","1,172,853","1,255,325","1,225,388","1,248,279","1,348,917","1,243,192","1,314,587","1,255,009","1,358,946","1,262,328","1,345,900","1,392,365","1,381,838","1,554,639","1,371,112","1,577,060","1,489,437","1,493,206","1,541,573","1,452,325","1,601,592","1,344,972","1,527,118","1,442,689","1,499,829","1,556,665","1,393,080","1,525,167","1,379,224","1,305,369","1,343,193","1,262,121","1,624,206","1,543,927","1,371,973","1,451,201","1,437,524","1,266,925","1,249,851","1,156,574","997,516","1,148,398","1,126,437","1,113,278","1,137,778","1,062,416","1,000,356","1,129,045","1,262,085","1,362,652","1,337,414","1,374,766","1,535,684","1,361,067","1,280,965","1,421,987","1,396,308","1,125,523","1,255,917","1,368,675","1,314,985","1,497,831","1,654,055","1,941,089","1,623,241","1,388,147","1,502,457","1,564,501","1,611,999","1,629,630","1,521,401","1,468,654","1,289,458","1,406,025","1,419,787","1,387,369","1,347,152","1,075,833","1,149,649","1,289,003","1,126,154","1,091,943","1,206,663","1,050,450","1,039,977","1,105,738","1,050,532","1,074,739","1,108,631","1,019,299","1,127,355","1,082,685","1,113,599","1,132,214","943,018","1,003,240","1,002,686","1,063,391","999,150","1,063,869","995,864","1,108,123","1,060,431","947,193","1,281,372","1,204,275","1,229,491","1,293,411","1,148,938","1,041,275","1,091,796","1,059,488","1,168,115","1,123,421","1,058,734","1,071,927","1,185,091","878,035","936,971","991,536","878,950","878,649","902,535","882,496","886,407","722,544","667,597","702,565","670,843","559,671","477,097","605,807","611,660","1,060,934","1,091,503","1,008,769","1,307,793","1,135,865","1,064,311","1,158,304","981,014","980,834","1,185,513","1,029,871","1,122,275","1,249,542","963,165","1,116,371","1,034,329","1,226,606","1,093,966","1,005,881","1,112,922","887,948","1,105,922","1,004,833","1,092,096","1,061,138","1,066,692","1,083,126","1,023,849","1,108,790","1,004,191","888,405","976,735","955,966","875,570","1,016,076","985,371","993,644","947,382","931,912","918,231","838,690","849,168","943,313","1,020,055","862,847","938,756","925,303","915,509","908,827","991,182","944,129","819,756","750,063","707,043","690,427","719,839","691,720","605,042","643,722","592,634","628,384","578,806","519,898","571,596","532,461","543,335","542,404","621,332","500,600","532,074","391,449","392,171","441,979","399,188","463,879","432,745","353,361","379,239","402,814","352,255","276,982","346,523","270,307","292,242","325,232","291,263","293,404","290,206","294,251","290,438","267,786","275,941","267,458","266,298","274,564","301,186","334,629","314,939","349,598","311,797","346,226","316,075","242,537","277,694","255,650","226,708","258,542","284,535","285,812","258,916","211,497","210,452","224,172","212,603","234,290","214,631","172,439","170,909","185,228","191,203","215,322","223,591","200,782","191,358","175,179","180,470","188,901","233,432","240,095","204,319","229,237","247,015","235,965","229,759","198,453","205,972","176,889","170,271","168,464","183,985","142,339","161,228"
  Electrical Circuit Apparatus,"146,492","159,167","173,491","168,861","145,901","174,611","162,180","151,878","154,800","164,353","155,792","112,481","147,744","147,632","141,969","174,971","175,994","210,131","198,456","198,924","197,952","180,301","193,705","178,234","163,351","187,752","201,790","184,447","201,164","216,541","213,909","245,400","257,405","279,544","270,448","208,329","244,115","278,409","255,870","244,424","256,255","241,692","239,398","261,897","219,634","220,997","212,232","148,830","166,575","185,219","169,005","162,064","145,209","142,000","154,720","151,151","159,251","151,558","190,130","163,416","155,591","164,966","167,332","184,614","162,831","166,059","180,230","148,150","172,791","152,272","166,566","126,420","174,900","164,028","170,083","179,539","171,317","182,762","201,704","168,576","224,307","183,612","173,904","136,382","162,413","161,590","178,807","163,328","154,074","173,245","179,343","172,165","198,008","164,492","178,694","145,659","162,139","176,992","172,262","163,633","158,059","161,633","159,294","164,819","141,596","153,143","169,156","137,235","147,570","170,341","170,525","172,068","157,047","152,674","201,299","176,903","172,615","196,766","205,198","166,773","173,331","181,005","182,786","188,293","191,433","209,976","189,882","200,036","192,176","201,696","188,552","156,787","234,220","206,905","231,181","331,185","267,879","225,886","213,083","209,788","245,461","236,442","215,472","168,805","248,246","199,213","210,566","291,394","241,052","214,136","275,321","272,882","264,016","236,605","282,000","254,195","259,866","251,544","287,541","211,325","247,715","235,153","280,172","240,749","241,795","241,769","246,474","204,710","272,092","271,742","250,467","289,314","262,991","276,505","267,154","226,919","215,079","243,286","248,118","207,759","219,850","236,710","216,289","227,419","219,167","200,338","222,146","187,156","181,088","164,515","188,771","156,755","155,527","185,975","214,392","219,689","238,091","237,824","257,064","213,485","213,464","230,736","251,488","302,455","308,520","241,371","312,004","306,599","280,855","297,535","266,244","239,879","243,286","252,318","262,335","216,315","243,739","246,181","303,783","248,545","219,580","225,868","225,515","232,789","221,962","193,575","228,163","176,899","191,445","193,973","201,283","220,965","221,657","213,025","235,646","184,795","165,163","183,383","174,799","143,708","169,295","219,603","188,975","205,156","196,994","203,608","220,584","170,272","164,231","160,059","165,031","148,897","133,167","164,530","147,109","186,160","223,964","197,089","184,838","171,870","182,102","153,052","149,306","110,352","141,337","105,894","174,450","124,404","117,965","128,022","135,591","121,792","132,916","140,518","133,237","99,624","119,496","106,482","121,181","129,946","114,889","121,578","126,491","118,464","127,806","126,251","137,313","120,013","128,529","132,871","150,578","168,254","158,818","157,820","154,441","140,127","138,782","120,319","133,959","105,990","110,358","139,843","134,078","140,342","134,709","147,778","141,973","147,631","129,081","120,577","134,756","95,156","100,754",na,na,na,na,na,na,na,na,na,na,na,na,na,na,na,na,na,na,na,na,na,na,na,na
  Electrical Machinery & Apparatus Nes,"148,942","163,484","157,277","144,262","174,148","183,858","217,525","162,049","194,331","185,458","195,437","159,599","196,604","179,224","161,002","184,208","174,000","233,062","205,813","219,667","213,796","172,644","225,456","177,617","182,595","224,139","290,417","262,309","289,634","325,321","336,139","339,791","311,097","288,717","285,658","211,306","247,514","286,072","263,261","258,876","253,554","253,217","249,273","258,584","234,782","247,460","314,380","239,009","219,364","259,248","265,286","231,037","216,004","205,870","211,135","194,667","169,497","192,754","218,470","204,055","188,741","199,662","240,073","253,629","209,299","202,625","213,137","191,752","238,050","226,596","258,412","194,751","263,260","240,222","278,171","300,775","230,973","275,207","259,767","301,129","241,973","225,985","246,165","204,001","288,671","312,738","328,260","316,915","331,024","338,489","334,281","388,825","359,952","312,156","354,696","295,492","303,838","294,833","308,786","276,479","263,211","290,892","255,089","253,130","236,383","218,661","221,965","181,036","206,538","225,945","208,401","243,716","241,352","232,649","245,643","377,899","250,390","243,167","245,745","207,559","270,671","310,902","248,159","239,991","250,502","262,876","225,709","215,906","205,526","296,962","233,212","201,917","219,378","227,849","189,050","206,838","205,497","204,086","221,824","204,468","187,719","208,770","222,893","165,494","203,201","194,575","198,090","193,552","212,729","215,501","220,417","194,143","276,434","221,137","237,030","364,057","485,099","200,401","236,230","219,048","256,708","288,138","277,588","313,057","309,608","222,708","261,606","191,878","240,833","231,583","251,388","375,927","396,836","338,136","232,205","247,411","212,757","245,735","256,774","196,113","219,215","228,431","222,200","241,495","181,990","186,771","190,418","159,796","134,649","131,777","144,268","93,410","135,437","141,683","181,642","220,076","212,511","182,860","237,113","191,663","179,850","200,809","219,630","189,727","222,488","215,971","239,188","226,864","224,353","234,824","224,117","203,634","203,831","207,046","197,316","187,613","212,528","204,378","185,079","208,933","214,521","260,403","260,460","240,041","233,508","257,514","243,714","230,040","348,391","319,689","292,230","280,638","291,020","307,198","225,984","264,459","211,178","214,719","222,913","173,972","183,022","195,697","179,007","180,721","169,814","181,228","158,157","147,775","145,524","147,560","182,114","142,338","137,512","191,742","157,825","156,725","166,957","156,204","253,717","121,574","135,136","136,225","132,079","106,827","114,428","65,804","80,088","77,909","75,167","80,809","71,628","65,379","65,740","73,325","62,915","52,625","58,037","71,028","78,460","84,275","76,545","75,247","79,009","76,501","81,769","70,033","87,312","90,557","88,344","91,027","108,662","98,006","115,220","91,531","84,851","83,050","80,979","78,915","80,560","60,314","60,998","75,567","73,586","73,951","75,053","67,902","64,494","57,478","66,343","57,975","65,135","44,760","51,114",na,na,na,na,na,na,na,na,na,na,na,na,na,na,na,na,na,na,na,na,na,na,na,na
,,,,,,,,,,,,,,,,,,,,,,,,,,,,,,,,,,,,,,,,,,,,,,,,,,,,,,,,,,,,,,,,,,,,,,,,,,,,,,,,,,,,,,,,,,,,,,,,,,,,,,,,,,,,,,,,,,,,,,,,,,,,,,,,,,,,,,,,,,,,,,,,,,,,,,,,,,,,,,,,,,,,,,,,,,,,,,,,,,,,,,,,,,,,,,,,,,,,,,,,,,,,,,,,,,,,,,,,,,,,,,,,,,,,,,,,,,,,,,,,,,,,,,,,,,,,,,,,,,,,,,,,,,,,,,,,,,,,,,,,,,,,,,,,,,,,,,,,,,,,,,,,,,,,,,,,,,,,,,,,,,,,,,,,,,,,,,,,,
Footnotes:,,,,,,,,,,,,,,,,,,,,,,,,,,,,,,,,,,,,,,,,,,,,,,,,,,,,,,,,,,,,,,,,,,,,,,,,,,,,,,,,,,,,,,,,,,,,,,,,,,,,,,,,,,,,,,,,,,,,,,,,,,,,,,,,,,,,,,,,,,,,,,,,,,,,,,,,,,,,,,,,,,,,,,,,,,,,,,,,,,,,,,,,,,,,,,,,,,,,,,,,,,,,,,,,,,,,,,,,,,,,,,,,,,,,,,,,,,,,,,,,,,,,,,,,,,,,,,,,,,,,,,,,,,,,,,,,,,,,,,,,,,,,,,,,,,,,,,,,,,,,,,,,,,,,,,,,,,,,,,,,,,,,,,,,,,,,,,,,,
"Prior to 2003, merchandise trade data exclude Singapore's merchandise trade with Indonesia.  Data prior to 1999 are based on Standard International Trade Classification (SITC) 3.  Data from 1999 onwards are based on SITC 4.1 and consistent with the ASEAN Harmonised Tariff Nomenclature (AHTN) 2022 version.",,,,,,,,,,,,,,,,,,,,,,,,,,,,,,,,,,,,,,,,,,,,,,,,,,,,,,,,,,,,,,,,,,,,,,,,,,,,,,,,,,,,,,,,,,,,,,,,,,,,,,,,,,,,,,,,,,,,,,,,,,,,,,,,,,,,,,,,,,,,,,,,,,,,,,,,,,,,,,,,,,,,,,,,,,,,,,,,,,,,,,,,,,,,,,,,,,,,,,,,,,,,,,,,,,,,,,,,,,,,,,,,,,,,,,,,,,,,,,,,,,,,,,,,,,,,,,,,,,,,,,,,,,,,,,,,,,,,,,,,,,,,,,,,,,,,,,,,,,,,,,,,,,,,,,,,,,,,,,,,,,,,,,,,,,,,,,,,,
Non-Electronic Products -> Specialised Machinery (Thousand Dollars):,,,,,,,,,,,,,,,,,,,,,,,,,,,,,,,,,,,,,,,,,,,,,,,,,,,,,,,,,,,,,,,,,,,,,,,,,,,,,,,,,,,,,,,,,,,,,,,,,,,,,,,,,,,,,,,,,,,,,,,,,,,,,,,,,,,,,,,,,,,,,,,,,,,,,,,,,,,,,,,,,,,,,,,,,,,,,,,,,,,,,,,,,,,,,,,,,,,,,,,,,,,,,,,,,,,,,,,,,,,,,,,,,,,,,,,,,,,,,,,,,,,,,,,,,,,,,,,,,,,,,,,,,,,,,,,,,,,,,,,,,,,,,,,,,,,,,,,,,,,,,,,,,,,,,,,,,,,,,,,,,,,,,,,,,,,,,,,,,
Data are available from January 2003.,,,,,,,,,,,,,,,,,,,,,,,,,,,,,,,,,,,,,,,,,,,,,,,,,,,,,,,,,,,,,,,,,,,,,,,,,,,,,,,,,,,,,,,,,,,,,,,,,,,,,,,,,,,,,,,,,,,,,,,,,,,,,,,,,,,,,,,,,,,,,,,,,,,,,,,,,,,,,,,,,,,,,,,,,,,,,,,,,,,,,,,,,,,,,,,,,,,,,,,,,,,,,,,,,,,,,,,,,,,,,,,,,,,,,,,,,,,,,,,,,,,,,,,,,,,,,,,,,,,,,,,,,,,,,,,,,,,,,,,,,,,,,,,,,,,,,,,,,,,,,,,,,,,,,,,,,,,,,,,,,,,,,,,,,,,,,,,,,
,,,,,,,,,,,,,,,,,,,,,,,,,,,,,,,,,,,,,,,,,,,,,,,,,,,,,,,,,,,,,,,,,,,,,,,,,,,,,,,,,,,,,,,,,,,,,,,,,,,,,,,,,,,,,,,,,,,,,,,,,,,,,,,,,,,,,,,,,,,,,,,,,,,,,,,,,,,,,,,,,,,,,,,,,,,,,,,,,,,,,,,,,,,,,,,,,,,,,,,,,,,,,,,,,,,,,,,,,,,,,,,,,,,,,,,,,,,,,,,,,,,,,,,,,,,,,,,,,,,,,,,,,,,,,,,,,,,,,,,,,,,,,,,,,,,,,,,,,,,,,,,,,,,,,,,,,,,,,,,,,,,,,,,,,,,,,,,,,
Definitions,,,,,,,,,,,,,,,,,,,,,,,,,,,,,,,,,,,,,,,,,,,,,,,,,,,,,,,,,,,,,,,,,,,,,,,,,,,,,,,,,,,,,,,,,,,,,,,,,,,,,,,,,,,,,,,,,,,,,,,,,,,,,,,,,,,,,,,,,,,,,,,,,,,,,,,,,,,,,,,,,,,,,,,,,,,,,,,,,,,,,,,,,,,,,,,,,,,,,,,,,,,,,,,,,,,,,,,,,,,,,,,,,,,,,,,,,,,,,,,,,,,,,,,,,,,,,,,,,,,,,,,,,,,,,,,,,,,,,,,,,,,,,,,,,,,,,,,,,,,,,,,,,,,,,,,,,,,,,,,,,,,,,,,,,,,,,,,,,
Domestic Exports:,,,,,,,,,,,,,,,,,,,,,,,,,,,,,,,,,,,,,,,,,,,,,,,,,,,,,,,,,,,,,,,,,,,,,,,,,,,,,,,,,,,,,,,,,,,,,,,,,,,,,,,,,,,,,,,,,,,,,,,,,,,,,,,,,,,,,,,,,,,,,,,,,,,,,,,,,,,,,,,,,,,,,,,,,,,,,,,,,,,,,,,,,,,,,,,,,,,,,,,,,,,,,,,,,,,,,,,,,,,,,,,,,,,,,,,,,,,,,,,,,,,,,,,,,,,,,,,,,,,,,,,,,,,,,,,,,,,,,,,,,,,,,,,,,,,,,,,,,,,,,,,,,,,,,,,,,,,,,,,,,,,,,,,,,,,,,,,,,
"Refer to exports of Singapore origin. It comprises (i) primary commodities grown or produced in Singapore and (ii) goods which have been transformed, that is, manufactured, assembled or processed in Singapore including those with imported materials or parts.",,,,,,,,,,,,,,,,,,,,,,,,,,,,,,,,,,,,,,,,,,,,,,,,,,,,,,,,,,,,,,,,,,,,,,,,,,,,,,,,,,,,,,,,,,,,,,,,,,,,,,,,,,,,,,,,,,,,,,,,,,,,,,,,,,,,,,,,,,,,,,,,,,,,,,,,,,,,,,,,,,,,,,,,,,,,,,,,,,,,,,,,,,,,,,,,,,,,,,,,,,,,,,,,,,,,,,,,,,,,,,,,,,,,,,,,,,,,,,,,,,,,,,,,,,,,,,,,,,,,,,,,,,,,,,,,,,,,,,,,,,,,,,,,,,,,,,,,,,,,,,,,,,,,,,,,,,,,,,,,,,,,,,,,,,,,,,,,,
,,,,,,,,,,,,,,,,,,,,,,,,,,,,,,,,,,,,,,,,,,,,,,,,,,,,,,,,,,,,,,,,,,,,,,,,,,,,,,,,,,,,,,,,,,,,,,,,,,,,,,,,,,,,,,,,,,,,,,,,,,,,,,,,,,,,,,,,,,,,,,,,,,,,,,,,,,,,,,,,,,,,,,,,,,,,,,,,,,,,,,,,,,,,,,,,,,,,,,,,,,,,,,,,,,,,,,,,,,,,,,,,,,,,,,,,,,,,,,,,,,,,,,,,,,,,,,,,,,,,,,,,,,,,,,,,,,,,,,,,,,,,,,,,,,,,,,,,,,,,,,,,,,,,,,,,,,,,,,,,,,,,,,,,,,,,,,,,,
Notation:,,,,,,,,,,,,,,,,,,,,,,,,,,,,,,,,,,,,,,,,,,,,,,,,,,,,,,,,,,,,,,,,,,,,,,,,,,,,,,,,,,,,,,,,,,,,,,,,,,,,,,,,,,,,,,,,,,,,,,,,,,,,,,,,,,,,,,,,,,,,,,,,,,,,,,,,,,,,,,,,,,,,,,,,,,,,,,,,,,,,,,,,,,,,,,,,,,,,,,,,,,,,,,,,,,,,,,,,,,,,,,,,,,,,,,,,,,,,,,,,,,,,,,,,,,,,,,,,,,,,,,,,,,,,,,,,,,,,,,,,,,,,,,,,,,,,,,,,,,,,,,,,,,,,,,,,,,,,,,,,,,,,,,,,,,,,,,,,,
na   not available or not applicable,,,,,,,,,,,,,,,,,,,,,,,,,,,,,,,,,,,,,,,,,,,,,,,,,,,,,,,,,,,,,,,,,,,,,,,,,,,,,,,,,,,,,,,,,,,,,,,,,,,,,,,,,,,,,,,,,,,,,,,,,,,,,,,,,,,,,,,,,,,,,,,,,,,,,,,,,,,,,,,,,,,,,,,,,,,,,,,,,,,,,,,,,,,,,,,,,,,,,,,,,,,,,,,,,,,,,,,,,,,,,,,,,,,,,,,,,,,,,,,,,,,,,,,,,,,,,,,,,,,,,,,,,,,,,,,,,,,,,,,,,,,,,,,,,,,,,,,,,,,,,,,,,,,,,,,,,,,,,,,,,,,,,,,,,,,,,,,,,
nec  not elsewhere classified,,,,,,,,,,,,,,,,,,,,,,,,,,,,,,,,,,,,,,,,,,,,,,,,,,,,,,,,,,,,,,,,,,,,,,,,,,,,,,,,,,,,,,,,,,,,,,,,,,,,,,,,,,,,,,,,,,,,,,,,,,,,,,,,,,,,,,,,,,,,,,,,,,,,,,,,,,,,,,,,,,,,,,,,,,,,,,,,,,,,,,,,,,,,,,,,,,,,,,,,,,,,,,,,,,,,,,,,,,,,,,,,,,,,,,,,,,,,,,,,,,,,,,,,,,,,,,,,,,,,,,,,,,,,,,,,,,,,,,,,,,,,,,,,,,,,,,,,,,,,,,,,,,,,,,,,,,,,,,,,,,,,,,,,,,,,,,,,,
nes  not elsewhere specified,,,,,,,,,,,,,,,,,,,,,,,,,,,,,,,,,,,,,,,,,,,,,,,,,,,,,,,,,,,,,,,,,,,,,,,,,,,,,,,,,,,,,,,,,,,,,,,,,,,,,,,,,,,,,,,,,,,,,,,,,,,,,,,,,,,,,,,,,,,,,,,,,,,,,,,,,,,,,,,,,,,,,,,,,,,,,,,,,,,,,,,,,,,,,,,,,,,,,,,,,,,,,,,,,,,,,,,,,,,,,,,,,,,,,,,,,,,,,,,,,,,,,,,,,,,,,,,,,,,,,,,,,,,,,,,,,,,,,,,,,,,,,,,,,,,,,,,,,,,,,,,,,,,,,,,,,,,,,,,,,,,,,,,,,,,,,,,,,
 -     nil or negligible or not significant,,,,,,,,,,,,,,,,,,,,,,,,,,,,,,,,,,,,,,,,,,,,,,,,,,,,,,,,,,,,,,,,,,,,,,,,,,,,,,,,,,,,,,,,,,,,,,,,,,,,,,,,,,,,,,,,,,,,,,,,,,,,,,,,,,,,,,,,,,,,,,,,,,,,,,,,,,,,,,,,,,,,,,,,,,,,,,,,,,,,,,,,,,,,,,,,,,,,,,,,,,,,,,,,,,,,,,,,,,,,,,,,,,,,,,,,,,,,,,,,,,,,,,,,,,,,,,,,,,,,,,,,,,,,,,,,,,,,,,,,,,,,,,,,,,,,,,,,,,,,,,,,,,,,,,,,,,,,,,,,,,,,,,,,,,,,,,,,,
Notes,,,,,,,,,,,,,,,,,,,,,,,,,,,,,,,,,,,,,,,,,,,,,,,,,,,,,,,,,,,,,,,,,,,,,,,,,,,,,,,,,,,,,,,,,,,,,,,,,,,,,,,,,,,,,,,,,,,,,,,,,,,,,,,,,,,,,,,,,,,,,,,,,,,,,,,,,,,,,,,,,,,,,,,,,,,,,,,,,,,,,,,,,,,,,,,,,,,,,,,,,,,,,,,,,,,,,,,,,,,,,,,,,,,,,,,,,,,,,,,,,,,,,,,,,,,,,,,,,,,,,,,,,,,,,,,,,,,,,,,,,,,,,,,,,,,,,,,,,,,,,,,,,,,,,,,,,,,,,,,,,,,,,,,,,,,,,,,,,
Numbers may not add up to the totals due to rounding.,,,,,,,,,,,,,,,,,,,,,,,,,,,,,,,,,,,,,,,,,,,,,,,,,,,,,,,,,,,,,,,,,,,,,,,,,,,,,,,,,,,,,,,,,,,,,,,,,,,,,,,,,,,,,,,,,,,,,,,,,,,,,,,,,,,,,,,,,,,,,,,,,,,,,,,,,,,,,,,,,,,,,,,,,,,,,,,,,,,,,,,,,,,,,,,,,,,,,,,,,,,,,,,,,,,,,,,,,,,,,,,,,,,,,,,,,,,,,,,,,,,,,,,,,,,,,,,,,,,,,,,,,,,,,,,,,,,,,,,,,,,,,,,,,,,,,,,,,,,,,,,,,,,,,,,,,,,,,,,,,,,,,,,,,,,,,,,,,
"Data are the latest available at the time of access or download. Some statistics, particularly those for the most recent time periods, are provisional and may be subject to revision at a later date.",,,,,,,,,,,,,,,,,,,,,,,,,,,,,,,,,,,,,,,,,,,,,,,,,,,,,,,,,,,,,,,,,,,,,,,,,,,,,,,,,,,,,,,,,,,,,,,,,,,,,,,,,,,,,,,,,,,,,,,,,,,,,,,,,,,,,,,,,,,,,,,,,,,,,,,,,,,,,,,,,,,,,,,,,,,,,,,,,,,,,,,,,,,,,,,,,,,,,,,,,,,,,,,,,,,,,,,,,,,,,,,,,,,,,,,,,,,,,,,,,,,,,,,,,,,,,,,,,,,,,,,,,,,,,,,,,,,,,,,,,,,,,,,,,,,,,,,,,,,,,,,,,,,,,,,,,,,,,,,,,,,,,,,,,,,,,,,,,
Values are shown in Singapore dollars (unless otherwise specified).,,,,,,,,,,,,,,,,,,,,,,,,,,,,,,,,,,,,,,,,,,,,,,,,,,,,,,,,,,,,,,,,,,,,,,,,,,,,,,,,,,,,,,,,,,,,,,,,,,,,,,,,,,,,,,,,,,,,,,,,,,,,,,,,,,,,,,,,,,,,,,,,,,,,,,,,,,,,,,,,,,,,,,,,,,,,,,,,,,,,,,,,,,,,,,,,,,,,,,,,,,,,,,,,,,,,,,,,,,,,,,,,,,,,,,,,,,,,,,,,,,,,,,,,,,,,,,,,,,,,,,,,,,,,,,,,,,,,,,,,,,,,,,,,,,,,,,,,,,,,,,,,,,,,,,,,,,,,,,,,,,,,,,,,,,,,,,,,,
,,,,,,,,,,,,,,,,,,,,,,,,,,,,,,,,,,,,,,,,,,,,,,,,,,,,,,,,,,,,,,,,,,,,,,,,,,,,,,,,,,,,,,,,,,,,,,,,,,,,,,,,,,,,,,,,,,,,,,,,,,,,,,,,,,,,,,,,,,,,,,,,,,,,,,,,,,,,,,,,,,,,,,,,,,,,,,,,,,,,,,,,,,,,,,,,,,,,,,,,,,,,,,,,,,,,,,,,,,,,,,,,,,,,,,,,,,,,,,,,,,,,,,,,,,,,,,,,,,,,,,,,,,,,,,,,,,,,,,,,,,,,,,,,,,,,,,,,,,,,,,,,,,,,,,,,,,,,,,,,,,,,,,,,,,,,,,,,,
Generated by: SingStat Table Builder,,,,,,,,,,,,,,,,,,,,,,,,,,,,,,,,,,,,,,,,,,,,,,,,,,,,,,,,,,,,,,,,,,,,,,,,,,,,,,,,,,,,,,,,,,,,,,,,,,,,,,,,,,,,,,,,,,,,,,,,,,,,,,,,,,,,,,,,,,,,,,,,,,,,,,,,,,,,,,,,,,,,,,,,,,,,,,,,,,,,,,,,,,,,,,,,,,,,,,,,,,,,,,,,,,,,,,,,,,,,,,,,,,,,,,,,,,,,,,,,,,,,,,,,,,,,,,,,,,,,,,,,,,,,,,,,,,,,,,,,,,,,,,,,,,,,,,,,,,,,,,,,,,,,,,,,,,,,,,,,,,,,,,,,,,,,,,,,,
Date generated: 06/03/2025,,,,,,,,,,,,,,,,,,,,,,,,,,,,,,,,,,,,,,,,,,,,,,,,,,,,,,,,,,,,,,,,,,,,,,,,,,,,,,,,,,,,,,,,,,,,,,,,,,,,,,,,,,,,,,,,,,,,,,,,,,,,,,,,,,,,,,,,,,,,,,,,,,,,,,,,,,,,,,,,,,,,,,,,,,,,,,,,,,,,,,,,,,,,,,,,,,,,,,,,,,,,,,,,,,,,,,,,,,,,,,,,,,,,,,,,,,,,,,,,,,,,,,,,,,,,,,,,,,,,,,,,,,,,,,,,,,,,,,,,,,,,,,,,,,,,,,,,,,,,,,,,,,,,,,,,,,,,,,,,,,,,,,,,,,,,,,,,,
Contact: info@singstat.gov.sg,,,,,,,,,,,,,,,,,,,,,,,,,,,,,,,,,,,,,,,,,,,,,,,,,,,,,,,,,,,,,,,,,,,,,,,,,,,,,,,,,,,,,,,,,,,,,,,,,,,,,,,,,,,,,,,,,,,,,,,,,,,,,,,,,,,,,,,,,,,,,,,,,,,,,,,,,,,,,,,,,,,,,,,,,,,,,,,,,,,,,,,,,,,,,,,,,,,,,,,,,,,,,,,,,,,,,,,,,,,,,,,,,,,,,,,,,,,,,,,,,,,,,,,,,,,,,,,,,,,,,,,,,,,,,,,,,,,,,,,,,,,,,,,,,,,,,,,,,,,,,,,,,,,,,,,,,,,,,,,,,,,,,,,,,,,,,,,,,
